name,phone_number,email,location,services_offered
NairobiEmergencyCare,+254700123456,nairobiemergency@gmail.com,"{'latitude':-1.2921,'longitude':36.8219}",Ambulance|EmergencySurgery|TraumaCare
KenyattaRapidResponse,+254711234567,kenyattarapid@yahoo.com,"{'latitude':-1.2975,'longitude':36.8126}",EmergencyMedicine|FirstAid|CriticalCare
MombasaLifeSupport,+254722345678,mombasalife@gmail.com,"{'latitude':-4.0435,'longitude':39.6682}",Ambulance|EmergencySurgery|PediatricEmergency
KisumuMedicalEmergency,+254733456789,kisumumed@gmail.com,"{'latitude':-0.0917,'longitude':34.7680}",TraumaCare|EmergencyMedicine|FirstAid
EldoretEmergencyServices,+254744567890,eldoretemergency@yahoo.com,"{'latitude':0.5143,'longitude':35.2698}",Ambulance|CriticalCare|EmergencySurgery
NakuruRapidMedical,+254755678901,nakururapid@gmail.com,"{'latitude':-0.2802,36.0667}",EmergencyMedicine|FirstAid|Ambulance
ThikaEmergencyCare,+254766789012,thikaemergency@gmail.com,"{'latitude':-1.0388,'longitude':37.0834}",TraumaCare|EmergencySurgery|CriticalCare
MalindiMedicalResponse,+254777890123,malindiresponse@yahoo.com,"{'latitude':-3.2138,'longitude':40.1169}",Ambulance|EmergencyMedicine|FirstAid
MachakosEmergencyUnit,+254788901234,machakosemergency@gmail.com,"{'latitude':-1.5177,'longitude':37.2634}",EmergencySurgery|CriticalCare|TraumaCare
NyeriHealthEmergency,+254799012345,nyerihealth@gmail.com,"{'latitude':-0.4246,'longitude':36.9479}",FirstAid|EmergencyMedicine|Ambulance
GarissaMedicalEmergency,+254710123456,garissamedical@yahoo.com,"{'latitude':-0.4536,'longitude':39.6401}",Ambulance|EmergencySurgery|CriticalCare
KakamegaEmergencyCare,+254721234567,kakamegacare@gmail.com,"{'latitude':0.2827,'longitude':34.7519}",EmergencyMedicine|TraumaCare|FirstAid
KilifiMedicalResponse,+254732345678,kilifiresponse@gmail.com,"{'latitude':-3.6305,'longitude':39.8499}",CriticalCare|EmergencySurgery|Ambulance
KitaleEmergencyServices,+254743456789,kitaleemergency@yahoo.com,"{'latitude':1.0187,'longitude':35.0062}",FirstAid|EmergencyMedicine|TraumaCare
LamuHealthEmergency,+254754567890,lamuhealth@gmail.com,"{'latitude':-2.2719,'longitude':40.9022}",Ambulance|CriticalCare|EmergencySurgery
VoiEmergencyCare,+254765678901,voiemergency@gmail.com,"{'latitude':-3.3945,'longitude':38.5695}",EmergencyMedicine|FirstAid|TraumaCare
NaivashaMedicalResponse,+254776789012,naivasharesponse@yahoo.com,"{'latitude':-0.7134,'longitude':36.4316}",EmergencySurgery|CriticalCare|Ambulance
EmbuEmergencyUnit,+254787890123,embuemergency@gmail.com,"{'latitude':-0.5399,'longitude':37.4506}",TraumaCare|EmergencyMedicine|FirstAid
MeruHealthEmergency,+254798901234,meruhealth@gmail.com,"{'latitude':0.0500,'longitude':37.6500}",Ambulance|EmergencySurgery|CriticalCare
KerichoMedicalEmergency,+254709123456,kerichomedical@yahoo.com,"{'latitude':-0.3684,'longitude':35.2863}",EmergencyMedicine|FirstAid|TraumaCare
KisiiEmergencyCare,+254720234567,kisiicare@gmail.com,"{'latitude':-0.6809,'longitude':34.7720}",CriticalCare|EmergencySurgery|Ambulance
BungomaMedicalResponse,+254731345678,bungomaresponse@gmail.com,"{'latitude':0.5635,'longitude':34.5606}",FirstAid|EmergencyMedicine|TraumaCare
HomaBayEmergency,+254742456789,homabayemergency@yahoo.com,"{'latitude':-0.5277,'longitude':34.4577}",Ambulance|CriticalCare|EmergencySurgery
IsioloHealthServices,+254753567890,isiolohealth@gmail.com,"{'latitude':0.3524,'longitude':37.5822}",EmergencyMedicine|FirstAid|TraumaCare
KajiadoEmergencyCare,+254764678901,kajiadocare@gmail.com,"{'latitude':-1.8422,'longitude':36.7822}",EmergencySurgery|CriticalCare|Ambulance
KerugoyaMedicalResponse,+254775789012,kerugoyaresponse@yahoo.com,"{'latitude':-0.4989,'longitude':37.2803}",TraumaCare|EmergencyMedicine|FirstAid
KituiEmergencyUnit,+254786890123,kituiemergency@gmail.com,"{'latitude':-1.3683,'longitude':38.0106}",Ambulance|EmergencySurgery|CriticalCare
LodwarHealthEmergency,+254797901234,lodwarhealth@gmail.com,"{'latitude':3.1166,'longitude':35.5966}",EmergencyMedicine|FirstAid|TraumaCare
MaralalMedicalEmergency,+254708123456,maralalmedical@yahoo.com,"{'latitude':1.0968,'longitude':36.6987}",CriticalCare|EmergencySurgery|Ambulance
MarsabitEmergencyCare,+254719234567,marsabitcare@gmail.com,"{'latitude':2.3284,'longitude':37.9939}",FirstAid|EmergencyMedicine|TraumaCare
MwingiMedicalResponse,+254730345678,mwingiresponse@gmail.com,"{'latitude':-0.9343,'longitude':38.0597}",Ambulance|CriticalCare|EmergencySurgery
NarokEmergencyServices,+254741456789,narokemergency@yahoo.com,"{'latitude':-1.0833,'longitude':35.8667}",EmergencyMedicine|FirstAid|TraumaCare
NyahururuHealthEmergency,+254752567890,nyahuruhealth@gmail.com,"{'latitude':0.0345,'longitude':36.3638}",EmergencySurgery|CriticalCare|Ambulance
OlkalouEmergencyCare,+254763678901,olkaloucare@gmail.com,"{'latitude':0.2706,'longitude':36.3788}",TraumaCare|EmergencyMedicine|FirstAid
SiayaMedicalResponse,+254774789012,siayaresponse@yahoo.com,"{'latitude':0.0607,'longitude':34.2881}",Ambulance|EmergencySurgery|CriticalCare
TavetaEmergencyUnit,+254785890123,tavetaemergency@gmail.com,"{'latitude':-3.3989,'longitude':37.6833}",EmergencyMedicine|FirstAid|TraumaCare
WajirHealthEmergency,+254796901234,wajirhealth@gmail.com,"{'latitude':1.7471,'longitude':40.0573}",CriticalCare|EmergencySurgery|Ambulance
WebuyeMedicalEmergency,+254707123456,webuyemedical@yahoo.com,"{'latitude':0.6029,'longitude':34.7714}",FirstAid|EmergencyMedicine|TraumaCare
BometEmergencyCare,+254718234567,bometcare@gmail.com,"{'latitude':-0.7833,'longitude':35.3333}",Ambulance|CriticalCare|EmergencySurgery
BusiaMedicalResponse,+254729345678,busiaresponse@gmail.com,"{'latitude':0.4608,'longitude':34.1117}",EmergencyMedicine|FirstAid|TraumaCare
ChukaEmergencyServices,+254740456789,chukaemergency@yahoo.com,"{'latitude':-0.3333,'longitude':37.6500}",EmergencySurgery|CriticalCare|Ambulance
GilgilHealthEmergency,+254751567890,gilgilhealth@gmail.com,"{'latitude':-0.4929,'longitude':36.3233}",TraumaCare|EmergencyMedicine|FirstAid
ItenEmergencyCare,+254762678901,itencare@gmail.com,"{'latitude':0.6708,'longitude':35.5081}",Ambulance|EmergencySurgery|CriticalCare
KapenguriaMedicalResponse,+254773789012,kapenguriaresponse@yahoo.com,"{'latitude':1.2389,'longitude':35.1119}",EmergencyMedicine|FirstAid|TraumaCare
KaruriEmergencyUnit,+254784890123,karuriemergency@gmail.com,"{'latitude':-1.1233,'longitude':36.7062}",CriticalCare|EmergencySurgery|Ambulance
KiambuHealthEmergency,+254795901234,kiambuhealth@gmail.com,"{'latitude':-1.1714,'longitude':36.8356}",FirstAid|EmergencyMedicine|TraumaCare
KikuyuMedicalEmergency,+254706123456,kikuyumedical@yahoo.com,"{'latitude':-1.2456,'longitude':36.6628}",Ambulance|CriticalCare|EmergencySurgery
KilgorisEmergencyCare,+254717234567,kilgoriscare@gmail.com,"{'latitude':-1.0027,'longitude':34.8787}",EmergencyMedicine|FirstAid|TraumaCare
LimuruMedicalResponse,+254728345678,limururesponse@gmail.com,"{'latitude':-1.1133,'longitude':36.6422}",EmergencySurgery|CriticalCare|Ambulance
LiteinEmergencyServices,+254739456789,liteinemergency@yahoo.com,"{'latitude':-0.5833,'longitude':35.1833}",TraumaCare|EmergencyMedicine|FirstAid
LondianiHealthEmergency,+254750567890,londianihealth@gmail.com,"{'latitude':-0.1697,'longitude':35.5983}",Ambulance|EmergencySurgery|CriticalCare
LuandaEmergencyCare,+254761678901,luandacare@gmail.com,"{'latitude':0.3137,'longitude':34.0714}",EmergencyMedicine|FirstAid|TraumaCare
MakueniMedicalResponse,+254772789012,makueniresponse@yahoo.com,"{'latitude':-1.8047,'longitude':37.6244}",CriticalCare|EmergencySurgery|Ambulance
MalabaEmergencyUnit,+254783890123,malabaemergency@gmail.com,"{'latitude':0.6342,'longitude':34.2811}",FirstAid|EmergencyMedicine|TraumaCare
ManderaHealthEmergency,+254794901234,manderahealth@gmail.com,"{'latitude':3.9366,'longitude':41.8569}",Ambulance|CriticalCare|EmergencySurgery
MariakaniMedicalEmergency,+254705123456,mariakanimedical@yahoo.com,"{'latitude':-3.8633,'longitude':39.4747}",EmergencyMedicine|FirstAid|TraumaCare
MatuuEmergencyCare,+254716234567,matuucare@gmail.com,"{'latitude':-1.1569,'longitude':37.5347}",EmergencySurgery|CriticalCare|Ambulance
MoloMedicalResponse,+254727345678,moloresponse@gmail.com,"{'latitude':-0.2486,'longitude':35.7319}",TraumaCare|EmergencyMedicine|FirstAid
MuhoroniEmergencyServices,+254738456789,muhoroniemergency@yahoo.com,"{'latitude':-0.1569,'longitude':35.1964}",Ambulance|EmergencySurgery|CriticalCare
MumiasHealthEmergency,+254749567890,mumiashealth@gmail.com,"{'latitude':0.3347,'longitude':34.4881}",EmergencyMedicine|FirstAid|TraumaCare
MwatateEmergencyCare,+254760678901,mwatatecare@gmail.com,"{'latitude':-3.5050,'longitude':38.3772}",CriticalCare|EmergencySurgery|Ambulance
NandiHillsMedicalResponse,+254771789012,nandihillsresponse@yahoo.com,"{'latitude':0.1036,'longitude':35.1842}",FirstAid|EmergencyMedicine|TraumaCare
NanyukiEmergencyUnit,+254782890123,nanyukiemergency@gmail.com,"{'latitude':0.0167,'longitude':37.0833}",Ambulance|CriticalCare|EmergencySurgery
NaromoruHealthEmergency,+254793901234,naromoruhealth@gmail.com,"{'latitude':-0.1500,'longitude':37.0167}",EmergencyMedicine|FirstAid|TraumaCare
NyamiraMedicalEmergency,+254704123456,nyamiramedical@yahoo.com,"{'latitude':-0.5633,'longitude':34.9358}",EmergencySurgery|CriticalCare|Ambulance
OgemboEmergencyCare,+254715234567,ogembocare@gmail.com,"{'latitude':-0.8000,'longitude':34.7333}",TraumaCare|EmergencyMedicine|FirstAid
OyugisMedicalResponse,+254726345678,oyugisresponse@gmail.com,"{'latitude':-0.5114,'longitude':34.7308}",Ambulance|EmergencySurgery|CriticalCare
PortVictoriaEmergency,+254737456789,portvictoriaemergency@yahoo.com,"{'latitude':0.0981,'longitude':33.9714}",EmergencyMedicine|FirstAid|TraumaCare
RachuonyoHealthEmergency,+254748567890,rachuonyohealth@gmail.com,"{'latitude':-0.4333,'longitude':34.7333}",CriticalCare|EmergencySurgery|Ambulance
RuiruEmergencyCare,+254759678901,ruirucare@gmail.com,"{'latitude':-1.1488,'longitude':36.9578}",FirstAid|EmergencyMedicine|TraumaCare
RumurutiMedicalResponse,+254770789012,rumurutiresponse@yahoo.com,"{'latitude':0.2667,'longitude':36.5333}",Ambulance|CriticalCare|EmergencySurgery
SaganaEmergencyUnit,+254781890123,saganaemergency@gmail.com,"{'latitude':-0.6583,'longitude':37.2083}",EmergencyMedicine|FirstAid|TraumaCare
SamburuHealthEmergency,+254792901234,samburuhealth@gmail.com,"{'latitude':1.2167,'longitude':36.9333}",EmergencySurgery|CriticalCare|Ambulance
ShimoniMedicalEmergency,+254703123456,shimonimedical@yahoo.com,"{'latitude':-4.6500,'longitude':39.3833}",TraumaCare|EmergencyMedicine|FirstAid
SiakagoEmergencyCare,+254714234567,siakagocare@gmail.com,"{'latitude':-0.5833,'longitude':37.6333}",Ambulance|EmergencySurgery|CriticalCare
SindoMedicalResponse,+254725345678,sindoresponse@gmail.com,"{'latitude':-0.6714,'longitude':34.1489}",EmergencyMedicine|FirstAid|TraumaCare
SotikEmergencyServices,+254736456789,sotikemergency@yahoo.com,"{'latitude':-0.6914,'longitude':35.1197}",CriticalCare|EmergencySurgery|Ambulance
SunekaHealthEmergency,+254747567890,sunekahealth@gmail.com,"{'latitude':-0.7000,'longitude':34.7167}",FirstAid|EmergencyMedicine|TraumaCare
TabakaEmergencyCare,+254758678901,tabakacare@gmail.com,"{'latitude':-0.7500,'longitude':34.6667}",Ambulance|CriticalCare|EmergencySurgery
TambachMedicalResponse,+254769789012,tambachresponse@yahoo.com,"{'latitude':0.8333,'longitude':35.6333}",EmergencyMedicine|FirstAid|TraumaCare
TawaEmergencyUnit,+254780890123,tawaemergency@gmail.com,"{'latitude':-1.1833,'longitude':37.4833}",EmergencySurgery|CriticalCare|Ambulance
TimauHealthEmergency,+254791901234,timauhealth@gmail.com,"{'latitude':0.0914,'longitude':37.2506}",TraumaCare|EmergencyMedicine|FirstAid
UkwalaMedicalEmergency,+254702123456,ukwalamedical@yahoo.com,"{'latitude':0.2833,'longitude':34.1833}",Ambulance|EmergencySurgery|CriticalCare
UgunjaEmergencyCare,+254713234567,ugunjacare@gmail.com,"{'latitude':0.1500,'longitude':34.3000}",EmergencyMedicine|FirstAid|TraumaCare
UririMedicalResponse,+254724345678,uririresponse@gmail.com,"{'latitude':-1.0000,'longitude':34.5333}",CriticalCare|EmergencySurgery|Ambulance
UsengeEmergencyServices,+254735456789,usengeemergency@yahoo.com,"{'latitude':0.0667,'longitude':34.0500}",FirstAid|EmergencyMedicine|TraumaCare
VihigaHealthEmergency,+254746567890,vihigahealth@gmail.com,"{'latitude':0.0167,'longitude':34.7167}",Ambulance|CriticalCare|EmergencySurgery
WanguruEmergencyCare,+254757678901,wangurucare@gmail.com,"{'latitude':-0.7667,'longitude':37.3667}",EmergencyMedicine|FirstAid|TraumaCare
WoteMedicalResponse,+254768789012,woteresponse@yahoo.com,"{'latitude':-1.7833,'longitude':37.6333}",EmergencySurgery|CriticalCare|Ambulance
YalaEmergencyUnit,+254779890123,yalaemergency@gmail.com,"{'latitude':0.0833,'longitude':34.5333}",TraumaCare|EmergencyMedicine|FirstAid
ZombeHealthEmergency,+254790901234,zombehealth@gmail.com,"{'latitude':-1.5000,'longitude':38.0833}",Ambulance|EmergencySurgery|CriticalCare
BahatiMedicalEmergency,+254701123456,bahatimedical@yahoo.com,"{'latitude':-0.2667,'longitude':36.1500}",EmergencyMedicine|FirstAid|